shot_id,start_time,end_time,duration,section,scene_purpose,visual_description,framing,camera_movement,subject_action,dialogue_vo,on_screen_text,selling_point,transition,production_notes
01,0.0,1.2,1.2,Hook,抓住注意力,"女生早上站在厨房台面前，一手拿水果，一手看时间，状态匆忙","中近景","轻微手持推进","快速拿起食材，动作偏急","早上真的没时间弄早餐饮品。","早上赶时间，还想喝现做的？","需求场景触发","快速切入","开场必须快，人物状态真实，有生活代入感"
02,1.2,2.5,1.3,痛点,放大使用阻力,"传统大机器或复杂准备流程的凌乱感，用户露出嫌麻烦的表情","近景/插入镜头","快速切镜","手停住，露出‘算了’的反应","又大又麻烦，根本不想用。","大机器麻烦，还不好带","旧方案笨重麻烦","硬切","不指向具体竞品品牌，只表现笨重与复杂"
03,2.5,4.0,1.5,产品出现,给出解决方案,"便携榨汁杯被手拿起，镜头给到干净产品特写，展示杯身体积与外观","产品近景","快速推进+短暂停顿","手持举起产品","我现在都直接用这种便携榨汁杯。","我现在直接用这种便携榨汁杯","产品作为解决方案出现","硬切","背景简洁，产品外观需干净利落"
04,4.0,6.0,2.0,卖点演示,展示操作简单,"水果放入杯中，倒入液体，按下启动键，产品开始工作","手部近景+产品特写","分段快切","放水果、倒液体、按按钮","水果放进去，按一下就能用。","放进去，按一下就行","一键启动，操作简单","动作连切","按钮动作建议单独给特写，强调低门槛"
05,6.0,8.2,2.2,卖点演示,强化便携属性,"用户拿着榨汁杯出门，或放进包里，再切到办公桌摆放","中景+插入近景","快速切换","拿起就走/放进包里/放在桌上","重点是真的方便，拿着就能走。","小巧便携，出门也能带","便携小巧，易携带","连贯切换","用真实动作证明便携，而不是只靠口播"
06,8.2,10.0,1.8,场景延展,强化办公室代入,"办公室桌面场景，女生坐下后拿起榨汁杯喝一口，表情轻松满足","中近景","轻微横移","坐下、拿起、喝一口、点头","到公司了也能随时喝。","办公室也能随时来一杯","办公室场景适配","硬切","桌面保持干净，营造轻生活方式感"
07,10.0,11.8,1.8,场景延展,扩展使用场景,"健身后场景，用户手持榨汁杯自然喝饮品，状态轻松","中景","轻微跟拍","走动、抬手喝、微笑","健身完带着喝也很方便。","健身后带着也很合适","适合健身后场景","硬切","服装与环境要明显传达健身后语境"
08,11.8,13.2,1.4,卖点总结,压缩复述核心价值,"产品与成品饮品同框，镜头快速扫过产品外观、容量感、使用状态","产品近景","轻推/轻环绕","手持展示","方便、好带，而且用起来很直接。","方便、好带、用起来也简单","总结三大价值点","快切","这一镜头承担信息打包功能，节奏要利落"
09,13.2,15.0,1.8,CTA,引导点击,"用户对镜头举起产品，画面出现点击引导，结尾停留在产品清晰特写","中近景→产品近景","轻推+定格","举起产品，看向镜头","如果你也想随手就能做，直接点这里看看。","想要这种随手就能做的，直接点这里看","推动点击与转化","定格收尾","CTA 要自然直接，画面需给清晰产品记忆点"
